﻿<?xml version="1.0" encoding="utf-8"?>
<HelpKI>
  <HelpKINode Title="About method" Url="html/91db80ea-030c-fe05-b1f3-d52ea6a02aa6.htm" />
  <HelpKINode Title="AboutResponse class">
    <HelpKINode Title="AboutResponse Class" Url="html/ccc5808b-e9f9-2bc2-f80d-cfb47e2d1b6e.htm" />
    <HelpKINode Title="AboutResponse Members" Url="html/16cfe059-1502-7d3d-d2f3-89ed8dcd0fcf.htm" />
    <HelpKINode Title="about AboutResponse class" Url="html/ccc5808b-e9f9-2bc2-f80d-cfb47e2d1b6e.htm" />
    <HelpKINode Title="all members" Url="html/16cfe059-1502-7d3d-d2f3-89ed8dcd0fcf.htm" />
    <HelpKINode Title="constructor" Url="html/e4611b32-9fb8-817a-794f-d16a3cf8f765.htm" />
    <HelpKINode Title="methods" Url="html/e9c61612-83b8-ff3c-dc1e-76c12254e04d.htm" />
    <HelpKINode Title="properties" Url="html/5abe6941-1927-f742-653e-8bca12f9f0d1.htm" />
  </HelpKINode>
  <HelpKINode Title="AboutResponse.AboutResponse constructor" Url="html/e4611b32-9fb8-817a-794f-d16a3cf8f765.htm" />
  <HelpKINode Title="AboutResponse.Contacts property" Url="html/59873f09-f57d-22ab-ecbb-58b730ac63ba.htm" />
  <HelpKINode Title="AboutResponse.CopyRight property" Url="html/8d76be5c-9d57-f714-9fef-dedb574a6255.htm" />
  <HelpKINode Title="AboutResponse.Info property" Url="html/0bff415e-8f3e-3599-b327-986a0ef72e99.htm" />
  <HelpKINode Title="AboutResponse.ToString method" Url="html/03e493fe-2611-8102-34fa-c890152d8bf0.htm" />
  <HelpKINode Title="ActionId property">
    <HelpKINode Title="Bind.ActionId Property " Url="html/a4c788e8-c774-6925-0e09-00e12e5041d4.htm" />
    <HelpKINode Title="ParseRequest.ActionId Property " Url="html/cdbda317-63c3-8872-0539-de3b75c7f823.htm" />
    <HelpKINode Title="WebPublication.ActionId Property " Url="html/357644ed-6e33-4eb7-264a-24ca049914ea.htm" />
  </HelpKINode>
  <HelpKINode Title="AdditionalInfo class">
    <HelpKINode Title="AdditionalInfo Class" Url="html/1b6f3265-4d67-fd7e-50bc-e4239999bb81.htm" />
    <HelpKINode Title="AdditionalInfo Members" Url="html/43414c31-7e3b-3e97-eb14-9c2c7e7cd964.htm" />
    <HelpKINode Title="about AdditionalInfo class" Url="html/1b6f3265-4d67-fd7e-50bc-e4239999bb81.htm" />
    <HelpKINode Title="all members" Url="html/43414c31-7e3b-3e97-eb14-9c2c7e7cd964.htm" />
    <HelpKINode Title="constructor" Url="html/df0398f1-3129-ef5d-cdff-8c566f504cc3.htm" />
    <HelpKINode Title="methods" Url="html/ee8e7133-2a41-3191-b11f-d75dd21f271b.htm" />
    <HelpKINode Title="properties" Url="html/0383d2f5-025f-5354-4e59-177c2c89e45d.htm" />
  </HelpKINode>
  <HelpKINode Title="AdditionalInfo property" Url="html/a5436f35-0c21-b646-5191-fba4605fb1b1.htm" />
  <HelpKINode Title="AdditionalInfo.AdditionalInfo constructor" Url="html/df0398f1-3129-ef5d-cdff-8c566f504cc3.htm" />
  <HelpKINode Title="AdditionalInfo.RealtyAdditionalInfo property" Url="html/968c4544-ad04-7748-93cc-0aa86514da49.htm" />
  <HelpKINode Title="AdditionalInfo.ToString method" Url="html/1a5eb452-44f1-4f87-40d8-5aee45b448a0.htm" />
  <HelpKINode Title="Address property" Url="html/1d8b7b64-591d-01e6-5f6a-374feaf3706e.htm" />
  <HelpKINode Title="AppointmentOfRoom property" Url="html/5b2768b1-5631-d74f-c06e-c8c830450043.htm" />
  <HelpKINode Title="Author property" Url="html/e28b74f7-a9cc-da6b-60aa-2fcbc8c361a1.htm" />
  <HelpKINode Title="AuthorUrl property" Url="html/6e9c8528-e4cc-cfef-a3c3-5a92a5ae54dd.htm" />
  <HelpKINode Title="BanResource enumeration member" Url="html/275814c9-629e-8e06-29e7-dfd743275862.htm" />
  <HelpKINode Title="Bind class">
    <HelpKINode Title="Bind Class" Url="html/d03c8083-308b-6c35-99e5-51b90063b1dd.htm" />
    <HelpKINode Title="Bind Members" Url="html/1703633d-7fdd-410b-f565-54d57356aba2.htm" />
    <HelpKINode Title="about Bind class" Url="html/d03c8083-308b-6c35-99e5-51b90063b1dd.htm" />
    <HelpKINode Title="all members" Url="html/1703633d-7fdd-410b-f565-54d57356aba2.htm" />
    <HelpKINode Title="constructor" Url="html/85de4502-9855-39c0-2faa-6d91659cd6c7.htm" />
    <HelpKINode Title="methods" Url="html/1b8b059b-73aa-51ee-8b18-ac780742e6ad.htm" />
    <HelpKINode Title="properties" Url="html/a79df2a4-e6e8-4624-c347-52f2c9abf520.htm" />
  </HelpKINode>
  <HelpKINode Title="Bind.ActionId property" Url="html/a4c788e8-c774-6925-0e09-00e12e5041d4.htm" />
  <HelpKINode Title="Bind.Bind constructor" Url="html/85de4502-9855-39c0-2faa-6d91659cd6c7.htm" />
  <HelpKINode Title="Bind.Equals method" Url="html/ec6713c9-453f-1bb7-b1fd-4aa289e63fb1.htm" />
  <HelpKINode Title="Bind.GetHashCode method" Url="html/ad098076-22ac-afb5-3c72-6744348f39e3.htm" />
  <HelpKINode Title="Bind.RegionId property" Url="html/92b35f3d-5bdc-b5d8-8c42-f63d065c59cd.htm" />
  <HelpKINode Title="Bind.RubricId property" Url="html/0612524e-1850-8ece-4bd2-a186a17b109f.htm" />
  <HelpKINode Title="Bind.ToString method" Url="html/fe074165-7fad-dd16-5c47-d87ed2049fb5.htm" />
  <HelpKINode Title="Constants class">
    <HelpKINode Title="Constants Class" Url="html/4b259929-d705-86fe-95b0-9e2dfb6a0d41.htm" />
    <HelpKINode Title="Constants Members" Url="html/4761d913-e4dd-bb77-32cd-a37586aa6ff0.htm" />
    <HelpKINode Title="about Constants class" Url="html/4b259929-d705-86fe-95b0-9e2dfb6a0d41.htm" />
    <HelpKINode Title="all members" Url="html/4761d913-e4dd-bb77-32cd-a37586aa6ff0.htm" />
    <HelpKINode Title="fields" Url="html/6c02b785-3d1c-4858-8c24-25d02177368e.htm" />
  </HelpKINode>
  <HelpKINode Title="Constants.CountPublications field" Url="html/d8197e70-3e53-ee08-20d5-4e17e2d0b776.htm" />
  <HelpKINode Title="Contact property" Url="html/74447fe7-d8f3-9bf8-9af1-c8703f6e2995.htm" />
  <HelpKINode Title="ContactName property" Url="html/c62bda3a-31ed-5678-c9d6-845692caf408.htm" />
  <HelpKINode Title="Contacts property" Url="html/59873f09-f57d-22ab-ecbb-58b730ac63ba.htm" />
  <HelpKINode Title="ContentChage enumeration member" Url="html/275814c9-629e-8e06-29e7-dfd743275862.htm" />
  <HelpKINode Title="ContentEmpty enumeration member" Url="html/275814c9-629e-8e06-29e7-dfd743275862.htm" />
  <HelpKINode Title="CopyRight property" Url="html/8d76be5c-9d57-f714-9fef-dedb574a6255.htm" />
  <HelpKINode Title="CostAll property" Url="html/13afe6ca-015b-eec0-5847-4f6c37408ae2.htm" />
  <HelpKINode Title="CostPerMeter property" Url="html/2fec3640-0912-f97e-5d78-051a64b90119.htm" />
  <HelpKINode Title="CountPublications field" Url="html/d8197e70-3e53-ee08-20d5-4e17e2d0b776.htm" />
  <HelpKINode Title="Description property" Url="html/1c855359-85f3-9af8-a23f-4ba698520c50.htm" />
  <HelpKINode Title="District property" Url="html/d97e09b9-81bc-86ca-651b-ca1a2540fbba.htm" />
  <HelpKINode Title="Email property" Url="html/1059d3b3-4255-446d-0c96-0d4f89c64b68.htm" />
  <HelpKINode Title="Equals method" Url="html/ec6713c9-453f-1bb7-b1fd-4aa289e63fb1.htm" />
  <HelpKINode Title="Floor property" Url="html/ea83e204-5a94-60c7-602b-8d96fbe71c2e.htm" />
  <HelpKINode Title="FloorNumber property" Url="html/b4972380-008c-d330-e9af-18fd3ed0afdb.htm" />
  <HelpKINode Title="Furnish property" Url="html/66a83614-8934-2744-194a-134d396415ad.htm" />
  <HelpKINode Title="GetHashCode method" Url="html/ad098076-22ac-afb5-3c72-6744348f39e3.htm" />
  <HelpKINode Title="GetResponse method">
    <HelpKINode Title="ICrawler.GetResponse Method " Url="html/7f0f5d41-dc49-b78e-5d03-9582627d678d.htm" />
    <HelpKINode Title="WebCrawler.GetResponse Method " Url="html/332ca932-b231-e055-3fe7-c304d06c46d9.htm" />
  </HelpKINode>
  <HelpKINode Title="Icq property" Url="html/62e3f49f-120d-5dae-031a-7576e7975f90.htm" />
  <HelpKINode Title="ICrawler interface">
    <HelpKINode Title="ICrawler Interface" Url="html/62efdf84-a59d-f60d-c4b5-4885f5c4b559.htm" />
    <HelpKINode Title="ICrawler Members" Url="html/1d9cdf38-2cca-dd81-6ec4-d2260aecb4e2.htm" />
    <HelpKINode Title="about ICrawler interface" Url="html/62efdf84-a59d-f60d-c4b5-4885f5c4b559.htm" />
    <HelpKINode Title="all members" Url="html/1d9cdf38-2cca-dd81-6ec4-d2260aecb4e2.htm" />
    <HelpKINode Title="methods" Url="html/fbb8d20b-9fbf-e736-147e-e333c337d6f1.htm" />
  </HelpKINode>
  <HelpKINode Title="ICrawler.GetResponse method" Url="html/7f0f5d41-dc49-b78e-5d03-9582627d678d.htm" />
  <HelpKINode Title="Info property" Url="html/0bff415e-8f3e-3599-b327-986a0ef72e99.htm" />
  <HelpKINode Title="IParsingModule interface">
    <HelpKINode Title="IParsingModule Interface" Url="html/7784ff62-d352-93bc-5664-7042a4d94ab7.htm" />
    <HelpKINode Title="IParsingModule Members" Url="html/9b41488c-8712-00b9-ca6d-38a3b329422b.htm" />
    <HelpKINode Title="about IParsingModule interface" Url="html/7784ff62-d352-93bc-5664-7042a4d94ab7.htm" />
    <HelpKINode Title="all members" Url="html/9b41488c-8712-00b9-ca6d-38a3b329422b.htm" />
    <HelpKINode Title="methods" Url="html/55260ea6-b20b-9b45-d024-2d3d7f1707d8.htm" />
  </HelpKINode>
  <HelpKINode Title="IParsingModule.About method" Url="html/91db80ea-030c-fe05-b1f3-d52ea6a02aa6.htm" />
  <HelpKINode Title="IParsingModule.Keys method" Url="html/a1fa7238-659f-d901-17f7-e5010f0cb366.htm" />
  <HelpKINode Title="IParsingModule.Result method" Url="html/4d3feb65-21e6-b106-1bc0-9d2ed916b8b8.htm" />
  <HelpKINode Title="IParsingModule.Sources method" Url="html/c80b661a-0200-712f-bb18-31967ea9907a.htm" />
  <HelpKINode Title="IParsingModuleMetadata interface">
    <HelpKINode Title="IParsingModuleMetadata Interface" Url="html/2c324f0d-eb18-f004-fb3c-a8ef0b2a216f.htm" />
    <HelpKINode Title="IParsingModuleMetadata Members" Url="html/cf523a61-9219-16ed-4cc7-36515b2b9f75.htm" />
    <HelpKINode Title="about IParsingModuleMetadata interface" Url="html/2c324f0d-eb18-f004-fb3c-a8ef0b2a216f.htm" />
    <HelpKINode Title="all members" Url="html/cf523a61-9219-16ed-4cc7-36515b2b9f75.htm" />
    <HelpKINode Title="properties" Url="html/2ce3e40e-6c9a-1366-b584-fc5508a855a4.htm" />
  </HelpKINode>
  <HelpKINode Title="IParsingModuleMetadata.Name property" Url="html/37975b24-3349-7309-58b2-9f1d1c13ec1f.htm" />
  <HelpKINode Title="IsLoggia property" Url="html/97731a4a-2ec3-41ba-d51b-6e1602479ac0.htm" />
  <HelpKINode Title="IsParking property" Url="html/ec5a47bb-2049-89f5-dc40-37721efab277.htm" />
  <HelpKINode Title="Keys method" Url="html/a1fa7238-659f-d901-17f7-e5010f0cb366.htm" />
  <HelpKINode Title="KitchenSpace property" Url="html/1bc82112-c763-da6e-3ea2-717e4b6ba2ac.htm" />
  <HelpKINode Title="LandSpace property" Url="html/a2b270f3-9598-b996-18f6-90d7e867f4e9.htm" />
  <HelpKINode Title="LastPublicationId property">
    <HelpKINode Title="ParseRequest.LastPublicationId Property " Url="html/0189c9c9-1d45-73f3-b690-a91138fd5f10.htm" />
    <HelpKINode Title="ParseResponse.LastPublicationId Property " Url="html/b259faa2-ff94-718f-f243-ac0d034d69ce.htm" />
  </HelpKINode>
  <HelpKINode Title="LeasableSpace property" Url="html/4b0650f5-7b44-9d37-c23b-2522e9c98e40.htm" />
  <HelpKINode Title="LivingSpace property" Url="html/2894bd45-3562-7f8d-2da7-f523a6b21de7.htm" />
  <HelpKINode Title="ModifyDate property" Url="html/ef26b548-92df-27e9-9516-d3c8db0ca9ea.htm" />
  <HelpKINode Title="ModuleName property" Url="html/c1643326-c896-fd6a-f3a9-ac6cdba416e0.htm" />
  <HelpKINode Title="Name property" Url="html/37975b24-3349-7309-58b2-9f1d1c13ec1f.htm" />
  <HelpKINode Title="NotAvailableResource enumeration member" Url="html/275814c9-629e-8e06-29e7-dfd743275862.htm" />
  <HelpKINode Title="NotFoundId enumeration member" Url="html/275814c9-629e-8e06-29e7-dfd743275862.htm" />
  <HelpKINode Title="ParseRequest class">
    <HelpKINode Title="ParseRequest Class" Url="html/7c2189af-85c2-d026-81b4-3af06965767b.htm" />
    <HelpKINode Title="ParseRequest Members" Url="html/8c9dc7db-9291-a9b9-c420-cdefe27e7949.htm" />
    <HelpKINode Title="about ParseRequest class" Url="html/7c2189af-85c2-d026-81b4-3af06965767b.htm" />
    <HelpKINode Title="all members" Url="html/8c9dc7db-9291-a9b9-c420-cdefe27e7949.htm" />
    <HelpKINode Title="constructor" Url="html/f5577f10-3010-0bea-ef23-78390c0d7c59.htm" />
    <HelpKINode Title="methods" Url="html/e09a3cd3-532e-7e2b-8e22-4be036126388.htm" />
    <HelpKINode Title="properties" Url="html/b57bd3ee-2224-3fe6-8f46-7938b42c93c5.htm" />
  </HelpKINode>
  <HelpKINode Title="ParseRequest.ActionId property" Url="html/cdbda317-63c3-8872-0539-de3b75c7f823.htm" />
  <HelpKINode Title="ParseRequest.LastPublicationId property" Url="html/0189c9c9-1d45-73f3-b690-a91138fd5f10.htm" />
  <HelpKINode Title="ParseRequest.ParseRequest constructor" Url="html/f5577f10-3010-0bea-ef23-78390c0d7c59.htm" />
  <HelpKINode Title="ParseRequest.RegionId property" Url="html/97173f72-5940-872d-47f3-ecda87c2eb7e.htm" />
  <HelpKINode Title="ParseRequest.RubricId property" Url="html/d95bd78f-c944-33e2-0dd3-8d596a507fe6.htm" />
  <HelpKINode Title="ParseResponse class">
    <HelpKINode Title="ParseResponse Class" Url="html/d4cc8b60-535a-f8df-4dd2-3a815afe4df1.htm" />
    <HelpKINode Title="ParseResponse Members" Url="html/d608d880-a2f3-f232-4c56-83c40ab87fb4.htm" />
    <HelpKINode Title="about ParseResponse class" Url="html/d4cc8b60-535a-f8df-4dd2-3a815afe4df1.htm" />
    <HelpKINode Title="all members" Url="html/d608d880-a2f3-f232-4c56-83c40ab87fb4.htm" />
    <HelpKINode Title="constructor" Url="html/f80ffb34-2fd6-4bd4-4ece-1334f1947aa6.htm" />
    <HelpKINode Title="methods" Url="html/fa6d8b82-56d6-1d14-cf72-f07455671987.htm" />
    <HelpKINode Title="properties" Url="html/362d1427-4123-7e1f-780d-2168b264aeb0.htm" />
  </HelpKINode>
  <HelpKINode Title="ParseResponse.LastPublicationId property" Url="html/b259faa2-ff94-718f-f243-ac0d034d69ce.htm" />
  <HelpKINode Title="ParseResponse.ModuleName property" Url="html/c1643326-c896-fd6a-f3a9-ac6cdba416e0.htm" />
  <HelpKINode Title="ParseResponse.ParseResponse constructor" Url="html/f80ffb34-2fd6-4bd4-4ece-1334f1947aa6.htm" />
  <HelpKINode Title="ParseResponse.Publications property" Url="html/843d8c34-5ed8-4f92-9a60-0dd1aedf8cfa.htm" />
  <HelpKINode Title="ParseResponse.ResponseCode property" Url="html/e50d9e60-9886-bc35-235c-c3fd03ba5769.htm" />
  <HelpKINode Title="ParseResponse.ToString method" Url="html/d948a8b3-9192-11da-b01f-8571f42af3b3.htm" />
  <HelpKINode Title="ParseResponseCode enumeration" Url="html/275814c9-629e-8e06-29e7-dfd743275862.htm" />
  <HelpKINode Title="Phone property" Url="html/fc95f170-14b7-3a0e-799f-82a79ca204ca.htm" />
  <HelpKINode Title="Photos property" Url="html/2cf77948-cb65-625e-358c-03f19faa343f.htm" />
  <HelpKINode Title="PublicationId property" Url="html/6a5aa330-f14e-5c15-ddfe-e28f042e7318.htm" />
  <HelpKINode Title="Publications property" Url="html/843d8c34-5ed8-4f92-9a60-0dd1aedf8cfa.htm" />
  <HelpKINode Title="RealEstateType property" Url="html/585cadcc-78f0-b8cb-a65f-ca3efaf6dafa.htm" />
  <HelpKINode Title="RealtyAdditionalInfo class">
    <HelpKINode Title="RealtyAdditionalInfo Class" Url="html/87aadb10-7b00-04fd-f145-b9ed9eb7d317.htm" />
    <HelpKINode Title="RealtyAdditionalInfo Members" Url="html/b8dd7216-c9b9-e1e7-1ada-239b3ee7ba0a.htm" />
    <HelpKINode Title="about RealtyAdditionalInfo class" Url="html/87aadb10-7b00-04fd-f145-b9ed9eb7d317.htm" />
    <HelpKINode Title="all members" Url="html/b8dd7216-c9b9-e1e7-1ada-239b3ee7ba0a.htm" />
    <HelpKINode Title="constructor" Url="html/2a0f240c-771f-9ea6-2819-a2ed1ee8fa4c.htm" />
    <HelpKINode Title="methods" Url="html/0aa82ede-7785-6980-9ce5-5f5ac30a87cc.htm" />
    <HelpKINode Title="properties" Url="html/98861fe1-96c7-fbfc-5d95-94126a5362d6.htm" />
  </HelpKINode>
  <HelpKINode Title="RealtyAdditionalInfo property" Url="html/968c4544-ad04-7748-93cc-0aa86514da49.htm" />
  <HelpKINode Title="RealtyAdditionalInfo.Address property" Url="html/1d8b7b64-591d-01e6-5f6a-374feaf3706e.htm" />
  <HelpKINode Title="RealtyAdditionalInfo.AppointmentOfRoom property" Url="html/5b2768b1-5631-d74f-c06e-c8c830450043.htm" />
  <HelpKINode Title="RealtyAdditionalInfo.CostAll property" Url="html/13afe6ca-015b-eec0-5847-4f6c37408ae2.htm" />
  <HelpKINode Title="RealtyAdditionalInfo.CostPerMeter property" Url="html/2fec3640-0912-f97e-5d78-051a64b90119.htm" />
  <HelpKINode Title="RealtyAdditionalInfo.District property" Url="html/d97e09b9-81bc-86ca-651b-ca1a2540fbba.htm" />
  <HelpKINode Title="RealtyAdditionalInfo.Floor property" Url="html/ea83e204-5a94-60c7-602b-8d96fbe71c2e.htm" />
  <HelpKINode Title="RealtyAdditionalInfo.FloorNumber property" Url="html/b4972380-008c-d330-e9af-18fd3ed0afdb.htm" />
  <HelpKINode Title="RealtyAdditionalInfo.Furnish property" Url="html/66a83614-8934-2744-194a-134d396415ad.htm" />
  <HelpKINode Title="RealtyAdditionalInfo.IsLoggia property" Url="html/97731a4a-2ec3-41ba-d51b-6e1602479ac0.htm" />
  <HelpKINode Title="RealtyAdditionalInfo.IsParking property" Url="html/ec5a47bb-2049-89f5-dc40-37721efab277.htm" />
  <HelpKINode Title="RealtyAdditionalInfo.KitchenSpace property" Url="html/1bc82112-c763-da6e-3ea2-717e4b6ba2ac.htm" />
  <HelpKINode Title="RealtyAdditionalInfo.LandSpace property" Url="html/a2b270f3-9598-b996-18f6-90d7e867f4e9.htm" />
  <HelpKINode Title="RealtyAdditionalInfo.LeasableSpace property" Url="html/4b0650f5-7b44-9d37-c23b-2522e9c98e40.htm" />
  <HelpKINode Title="RealtyAdditionalInfo.LivingSpace property" Url="html/2894bd45-3562-7f8d-2da7-f523a6b21de7.htm" />
  <HelpKINode Title="RealtyAdditionalInfo.RealEstateType property" Url="html/585cadcc-78f0-b8cb-a65f-ca3efaf6dafa.htm" />
  <HelpKINode Title="RealtyAdditionalInfo.RealtyAdditionalInfo constructor" Url="html/2a0f240c-771f-9ea6-2819-a2ed1ee8fa4c.htm" />
  <HelpKINode Title="RealtyAdditionalInfo.RoomNumber property" Url="html/7b029668-8167-3eed-2091-f79be3e5c713.htm" />
  <HelpKINode Title="RealtyAdditionalInfo.Tenancy property" Url="html/a115223c-5cb6-2dda-a518-8db0d942439f.htm" />
  <HelpKINode Title="RealtyAdditionalInfo.ToString method" Url="html/f69471aa-ed07-1df1-a18d-9fbb93614484.htm" />
  <HelpKINode Title="RealtyAdditionalInfo.TotalSpace property" Url="html/45a1322a-6735-c03c-2f60-f189433b7dab.htm" />
  <HelpKINode Title="RealtyAdditionalInfo.ViewFromProperty property" Url="html/17db73f1-5109-c9d3-4a7a-3c4b9c7385c8.htm" />
  <HelpKINode Title="RealtyAdditionalInfo.WallМaterial property" Url="html/6c89c8b2-0ae9-aac5-4ecb-8573fcae08a9.htm" />
  <HelpKINode Title="RealtyAdditionalInfo.Wc property" Url="html/851417bb-0c56-0e00-a284-492f5dea2a38.htm" />
  <HelpKINode Title="RegionId property">
    <HelpKINode Title="Bind.RegionId Property " Url="html/92b35f3d-5bdc-b5d8-8c42-f63d065c59cd.htm" />
    <HelpKINode Title="ParseRequest.RegionId Property " Url="html/97173f72-5940-872d-47f3-ecda87c2eb7e.htm" />
    <HelpKINode Title="WebPublication.RegionId Property " Url="html/88d61c24-3025-cdf6-52ec-a13dadd2718e.htm" />
  </HelpKINode>
  <HelpKINode Title="ResponseCode property" Url="html/e50d9e60-9886-bc35-235c-c3fd03ba5769.htm" />
  <HelpKINode Title="Result method" Url="html/4d3feb65-21e6-b106-1bc0-9d2ed916b8b8.htm" />
  <HelpKINode Title="RoomNumber property" Url="html/7b029668-8167-3eed-2091-f79be3e5c713.htm" />
  <HelpKINode Title="RT.Crawler namespace" Url="html/0472693d-2e99-ccfd-1e67-ab7951c4b88c.htm" />
  <HelpKINode Title="RT.Crawler.ICrawler interface">
    <HelpKINode Title="ICrawler Interface" Url="html/62efdf84-a59d-f60d-c4b5-4885f5c4b559.htm" />
    <HelpKINode Title="ICrawler Members" Url="html/1d9cdf38-2cca-dd81-6ec4-d2260aecb4e2.htm" />
  </HelpKINode>
  <HelpKINode Title="RT.Crawler.UriEventArgs class">
    <HelpKINode Title="UriEventArgs Class" Url="html/7cf13fe0-f828-be54-8bff-2c28054decf1.htm" />
    <HelpKINode Title="UriEventArgs Members" Url="html/e4f1b558-27df-4759-d764-d4881f0f1659.htm" />
  </HelpKINode>
  <HelpKINode Title="RT.Crawler.WebCrawler class">
    <HelpKINode Title="WebCrawler Class" Url="html/31afaf3b-d025-d060-6c9d-31cf2fe71001.htm" />
    <HelpKINode Title="WebCrawler Members" Url="html/c506d4b3-9f24-655c-3ab3-015ad282bb98.htm" />
  </HelpKINode>
  <HelpKINode Title="RT.ParsingLibs namespace" Url="html/53d7e61a-252d-f32e-63bf-f0a89a98cdeb.htm" />
  <HelpKINode Title="RT.ParsingLibs.Constants class">
    <HelpKINode Title="Constants Class" Url="html/4b259929-d705-86fe-95b0-9e2dfb6a0d41.htm" />
    <HelpKINode Title="Constants Members" Url="html/4761d913-e4dd-bb77-32cd-a37586aa6ff0.htm" />
  </HelpKINode>
  <HelpKINode Title="RT.ParsingLibs.IParsingModule interface">
    <HelpKINode Title="IParsingModule Interface" Url="html/7784ff62-d352-93bc-5664-7042a4d94ab7.htm" />
    <HelpKINode Title="IParsingModule Members" Url="html/9b41488c-8712-00b9-ca6d-38a3b329422b.htm" />
  </HelpKINode>
  <HelpKINode Title="RT.ParsingLibs.IParsingModuleMetadata interface">
    <HelpKINode Title="IParsingModuleMetadata Interface" Url="html/2c324f0d-eb18-f004-fb3c-a8ef0b2a216f.htm" />
    <HelpKINode Title="IParsingModuleMetadata Members" Url="html/cf523a61-9219-16ed-4cc7-36515b2b9f75.htm" />
  </HelpKINode>
  <HelpKINode Title="RT.ParsingLibs.Models namespace" Url="html/fe7028b5-122a-a257-632c-f0fe1c0bb3b9.htm" />
  <HelpKINode Title="RT.ParsingLibs.Models.AdditionalInfo class">
    <HelpKINode Title="AdditionalInfo Class" Url="html/1b6f3265-4d67-fd7e-50bc-e4239999bb81.htm" />
    <HelpKINode Title="AdditionalInfo Members" Url="html/43414c31-7e3b-3e97-eb14-9c2c7e7cd964.htm" />
  </HelpKINode>
  <HelpKINode Title="RT.ParsingLibs.Models.Bind class">
    <HelpKINode Title="Bind Class" Url="html/d03c8083-308b-6c35-99e5-51b90063b1dd.htm" />
    <HelpKINode Title="Bind Members" Url="html/1703633d-7fdd-410b-f565-54d57356aba2.htm" />
  </HelpKINode>
  <HelpKINode Title="RT.ParsingLibs.Models.ParseResponseCode enumeration" Url="html/275814c9-629e-8e06-29e7-dfd743275862.htm" />
  <HelpKINode Title="RT.ParsingLibs.Models.RealtyAdditionalInfo class">
    <HelpKINode Title="RealtyAdditionalInfo Class" Url="html/87aadb10-7b00-04fd-f145-b9ed9eb7d317.htm" />
    <HelpKINode Title="RealtyAdditionalInfo Members" Url="html/b8dd7216-c9b9-e1e7-1ada-239b3ee7ba0a.htm" />
  </HelpKINode>
  <HelpKINode Title="RT.ParsingLibs.Models.WebPublication class">
    <HelpKINode Title="WebPublication Class" Url="html/ed1daa67-c88d-d50a-c777-d0904c8f046a.htm" />
    <HelpKINode Title="WebPublication Members" Url="html/68394d8d-78c0-c644-bada-0db4367e8263.htm" />
  </HelpKINode>
  <HelpKINode Title="RT.ParsingLibs.Models.WebPublicationContact class">
    <HelpKINode Title="WebPublicationContact Class" Url="html/bbfeaebb-27c7-45fe-dffc-0baca529d17d.htm" />
    <HelpKINode Title="WebPublicationContact Members" Url="html/b3f4934e-2a9c-8188-b622-fcf645610f32.htm" />
  </HelpKINode>
  <HelpKINode Title="RT.ParsingLibs.Requests namespace" Url="html/1cff2780-9237-cd37-1b3a-3f1ada3d0c1e.htm" />
  <HelpKINode Title="RT.ParsingLibs.Requests.ParseRequest class">
    <HelpKINode Title="ParseRequest Class" Url="html/7c2189af-85c2-d026-81b4-3af06965767b.htm" />
    <HelpKINode Title="ParseRequest Members" Url="html/8c9dc7db-9291-a9b9-c420-cdefe27e7949.htm" />
  </HelpKINode>
  <HelpKINode Title="RT.ParsingLibs.Responses namespace" Url="html/a27caf2a-7350-d257-c2a3-da74b7fd6d10.htm" />
  <HelpKINode Title="RT.ParsingLibs.Responses.AboutResponse class">
    <HelpKINode Title="AboutResponse Class" Url="html/ccc5808b-e9f9-2bc2-f80d-cfb47e2d1b6e.htm" />
    <HelpKINode Title="AboutResponse Members" Url="html/16cfe059-1502-7d3d-d2f3-89ed8dcd0fcf.htm" />
  </HelpKINode>
  <HelpKINode Title="RT.ParsingLibs.Responses.ParseResponse class">
    <HelpKINode Title="ParseResponse Class" Url="html/d4cc8b60-535a-f8df-4dd2-3a815afe4df1.htm" />
    <HelpKINode Title="ParseResponse Members" Url="html/d608d880-a2f3-f232-4c56-83c40ab87fb4.htm" />
  </HelpKINode>
  <HelpKINode Title="RubricId property">
    <HelpKINode Title="Bind.RubricId Property " Url="html/0612524e-1850-8ece-4bd2-a186a17b109f.htm" />
    <HelpKINode Title="ParseRequest.RubricId Property " Url="html/d95bd78f-c944-33e2-0dd3-8d596a507fe6.htm" />
    <HelpKINode Title="WebPublication.RubricId Property " Url="html/15f192ea-7561-68fe-5786-be18a4975567.htm" />
  </HelpKINode>
  <HelpKINode Title="Site property" Url="html/f56dc0f0-af0e-cb71-5d1c-b83c3b690fb8.htm" />
  <HelpKINode Title="Skype property" Url="html/60003dc3-fdc2-5cfc-243f-fc5992c6c17d.htm" />
  <HelpKINode Title="Sources method" Url="html/c80b661a-0200-712f-bb18-31967ea9907a.htm" />
  <HelpKINode Title="Success enumeration member" Url="html/275814c9-629e-8e06-29e7-dfd743275862.htm" />
  <HelpKINode Title="Tenancy property" Url="html/a115223c-5cb6-2dda-a518-8db0d942439f.htm" />
  <HelpKINode Title="ToString method">
    <HelpKINode Title="AboutResponse.ToString Method " Url="html/03e493fe-2611-8102-34fa-c890152d8bf0.htm" />
    <HelpKINode Title="AdditionalInfo.ToString Method " Url="html/1a5eb452-44f1-4f87-40d8-5aee45b448a0.htm" />
    <HelpKINode Title="Bind.ToString Method " Url="html/fe074165-7fad-dd16-5c47-d87ed2049fb5.htm" />
    <HelpKINode Title="ParseResponse.ToString Method " Url="html/d948a8b3-9192-11da-b01f-8571f42af3b3.htm" />
    <HelpKINode Title="RealtyAdditionalInfo.ToString Method " Url="html/f69471aa-ed07-1df1-a18d-9fbb93614484.htm" />
    <HelpKINode Title="WebPublication.ToString Method " Url="html/03c9c60d-5f6f-098a-7826-0996abf14316.htm" />
    <HelpKINode Title="WebPublicationContact.ToString Method " Url="html/3875a6e9-f164-8ee2-801f-3a65fc98e973.htm" />
  </HelpKINode>
  <HelpKINode Title="TotalSpace property" Url="html/45a1322a-6735-c03c-2f60-f189433b7dab.htm" />
  <HelpKINode Title="UriEventArgs class">
    <HelpKINode Title="UriEventArgs Class" Url="html/7cf13fe0-f828-be54-8bff-2c28054decf1.htm" />
    <HelpKINode Title="UriEventArgs Members" Url="html/e4f1b558-27df-4759-d764-d4881f0f1659.htm" />
    <HelpKINode Title="about UriEventArgs class" Url="html/7cf13fe0-f828-be54-8bff-2c28054decf1.htm" />
    <HelpKINode Title="all members" Url="html/e4f1b558-27df-4759-d764-d4881f0f1659.htm" />
    <HelpKINode Title="constructor" Url="html/4b3afc18-6c46-a932-4fed-764ac74b7bed.htm" />
    <HelpKINode Title="methods" Url="html/755446c3-cd3c-2f55-2339-5cc1e8236e28.htm" />
    <HelpKINode Title="properties" Url="html/c89b2288-4094-a600-6f95-e1fabe5bae38.htm" />
  </HelpKINode>
  <HelpKINode Title="UriEventArgs.UriEventArgs constructor" Url="html/4b3afc18-6c46-a932-4fed-764ac74b7bed.htm" />
  <HelpKINode Title="UriEventArgs.Url property" Url="html/0ac1252c-6d47-f5a8-12d4-546cfc15e862.htm" />
  <HelpKINode Title="UriLogger event" Url="html/fa48bc13-0fbd-0537-8b97-f84699d8440c.htm" />
  <HelpKINode Title="Url property">
    <HelpKINode Title="UriEventArgs.Url Property " Url="html/0ac1252c-6d47-f5a8-12d4-546cfc15e862.htm" />
    <HelpKINode Title="WebPublication.Url Property " Url="html/cca316c4-f1ca-4165-38b2-0667b32d7f3a.htm" />
  </HelpKINode>
  <HelpKINode Title="ViewFromProperty property" Url="html/17db73f1-5109-c9d3-4a7a-3c4b9c7385c8.htm" />
  <HelpKINode Title="WallМaterial property" Url="html/6c89c8b2-0ae9-aac5-4ecb-8573fcae08a9.htm" />
  <HelpKINode Title="Wc property" Url="html/851417bb-0c56-0e00-a284-492f5dea2a38.htm" />
  <HelpKINode Title="WebCrawler class">
    <HelpKINode Title="WebCrawler Class" Url="html/31afaf3b-d025-d060-6c9d-31cf2fe71001.htm" />
    <HelpKINode Title="WebCrawler Members" Url="html/c506d4b3-9f24-655c-3ab3-015ad282bb98.htm" />
    <HelpKINode Title="about WebCrawler class" Url="html/31afaf3b-d025-d060-6c9d-31cf2fe71001.htm" />
    <HelpKINode Title="all members" Url="html/c506d4b3-9f24-655c-3ab3-015ad282bb98.htm" />
    <HelpKINode Title="constructor" Url="html/090b7b96-ffc0-fe9d-c8b9-118c5ba1f877.htm" />
    <HelpKINode Title="events" Url="html/7e6862ab-a166-77a4-0aaf-1d86cd7357e7.htm" />
    <HelpKINode Title="methods" Url="html/75d03b44-05c5-9623-f861-057570eda47d.htm" />
  </HelpKINode>
  <HelpKINode Title="WebCrawler.GetResponse method" Url="html/332ca932-b231-e055-3fe7-c304d06c46d9.htm" />
  <HelpKINode Title="WebCrawler.UriLogger event" Url="html/fa48bc13-0fbd-0537-8b97-f84699d8440c.htm" />
  <HelpKINode Title="WebCrawler.WebCrawler constructor" Url="html/090b7b96-ffc0-fe9d-c8b9-118c5ba1f877.htm" />
  <HelpKINode Title="WebPublication class">
    <HelpKINode Title="WebPublication Class" Url="html/ed1daa67-c88d-d50a-c777-d0904c8f046a.htm" />
    <HelpKINode Title="WebPublication Members" Url="html/68394d8d-78c0-c644-bada-0db4367e8263.htm" />
    <HelpKINode Title="about WebPublication class" Url="html/ed1daa67-c88d-d50a-c777-d0904c8f046a.htm" />
    <HelpKINode Title="all members" Url="html/68394d8d-78c0-c644-bada-0db4367e8263.htm" />
    <HelpKINode Title="constructor" Url="html/1e4d6000-44dd-ed0d-89a7-e4ea1ba93689.htm" />
    <HelpKINode Title="methods" Url="html/c954978a-ecc8-e718-e841-b29fce954c1b.htm" />
    <HelpKINode Title="properties" Url="html/58ad1a8d-fd4b-d93b-b16b-a2047bf620a3.htm" />
  </HelpKINode>
  <HelpKINode Title="WebPublication.ActionId property" Url="html/357644ed-6e33-4eb7-264a-24ca049914ea.htm" />
  <HelpKINode Title="WebPublication.AdditionalInfo property" Url="html/a5436f35-0c21-b646-5191-fba4605fb1b1.htm" />
  <HelpKINode Title="WebPublication.Contact property" Url="html/74447fe7-d8f3-9bf8-9af1-c8703f6e2995.htm" />
  <HelpKINode Title="WebPublication.Description property" Url="html/1c855359-85f3-9af8-a23f-4ba698520c50.htm" />
  <HelpKINode Title="WebPublication.ModifyDate property" Url="html/ef26b548-92df-27e9-9516-d3c8db0ca9ea.htm" />
  <HelpKINode Title="WebPublication.Photos property" Url="html/2cf77948-cb65-625e-358c-03f19faa343f.htm" />
  <HelpKINode Title="WebPublication.PublicationId property" Url="html/6a5aa330-f14e-5c15-ddfe-e28f042e7318.htm" />
  <HelpKINode Title="WebPublication.RegionId property" Url="html/88d61c24-3025-cdf6-52ec-a13dadd2718e.htm" />
  <HelpKINode Title="WebPublication.RubricId property" Url="html/15f192ea-7561-68fe-5786-be18a4975567.htm" />
  <HelpKINode Title="WebPublication.Site property" Url="html/f56dc0f0-af0e-cb71-5d1c-b83c3b690fb8.htm" />
  <HelpKINode Title="WebPublication.ToString method" Url="html/03c9c60d-5f6f-098a-7826-0996abf14316.htm" />
  <HelpKINode Title="WebPublication.Url property" Url="html/cca316c4-f1ca-4165-38b2-0667b32d7f3a.htm" />
  <HelpKINode Title="WebPublication.WebPublication constructor" Url="html/1e4d6000-44dd-ed0d-89a7-e4ea1ba93689.htm" />
  <HelpKINode Title="WebPublicationContact class">
    <HelpKINode Title="WebPublicationContact Class" Url="html/bbfeaebb-27c7-45fe-dffc-0baca529d17d.htm" />
    <HelpKINode Title="WebPublicationContact Members" Url="html/b3f4934e-2a9c-8188-b622-fcf645610f32.htm" />
    <HelpKINode Title="about WebPublicationContact class" Url="html/bbfeaebb-27c7-45fe-dffc-0baca529d17d.htm" />
    <HelpKINode Title="all members" Url="html/b3f4934e-2a9c-8188-b622-fcf645610f32.htm" />
    <HelpKINode Title="constructor" Url="html/edb542d3-9a02-1c94-7ef0-6cf6c7978438.htm" />
    <HelpKINode Title="methods" Url="html/64443fbf-1332-9756-0b65-3cc2b9b73347.htm" />
    <HelpKINode Title="properties" Url="html/aa430b18-0eb7-faa2-cab3-50710b699567.htm" />
  </HelpKINode>
  <HelpKINode Title="WebPublicationContact.Author property" Url="html/e28b74f7-a9cc-da6b-60aa-2fcbc8c361a1.htm" />
  <HelpKINode Title="WebPublicationContact.AuthorUrl property" Url="html/6e9c8528-e4cc-cfef-a3c3-5a92a5ae54dd.htm" />
  <HelpKINode Title="WebPublicationContact.ContactName property" Url="html/c62bda3a-31ed-5678-c9d6-845692caf408.htm" />
  <HelpKINode Title="WebPublicationContact.Email property" Url="html/1059d3b3-4255-446d-0c96-0d4f89c64b68.htm" />
  <HelpKINode Title="WebPublicationContact.Icq property" Url="html/62e3f49f-120d-5dae-031a-7576e7975f90.htm" />
  <HelpKINode Title="WebPublicationContact.Phone property" Url="html/fc95f170-14b7-3a0e-799f-82a79ca204ca.htm" />
  <HelpKINode Title="WebPublicationContact.Skype property" Url="html/60003dc3-fdc2-5cfc-243f-fc5992c6c17d.htm" />
  <HelpKINode Title="WebPublicationContact.ToString method" Url="html/3875a6e9-f164-8ee2-801f-3a65fc98e973.htm" />
  <HelpKINode Title="WebPublicationContact.WebPublicationContact constructor" Url="html/edb542d3-9a02-1c94-7ef0-6cf6c7978438.htm" />
</HelpKI>
