﻿<?xml version="1.0" encoding="utf-8"?>
<HelpTOC>

  <HelpTOCNode Id="83eb7f2b-93fa-44e8-b4d3-f6fba9f4e0da" Title="RT.Crawler Namespace" Url="html/0472693d-2e99-ccfd-1e67-ab7951c4b88c.htm">
    <HelpTOCNode Id="2858b62c-294c-4e3d-92fc-278c84c9a3e5" Title="ICrawler Interface" Url="html/62efdf84-a59d-f60d-c4b5-4885f5c4b559.htm">
      <HelpTOCNode Title="ICrawler Members" Url="html/1d9cdf38-2cca-dd81-6ec4-d2260aecb4e2.htm" />
      <HelpTOCNode Id="3ee28bf2-74f2-496d-96e2-d5db25d71435" Title="ICrawler Methods" Url="html/fbb8d20b-9fbf-e736-147e-e333c337d6f1.htm">
        <HelpTOCNode Title="GetResponse Method " Url="html/7f0f5d41-dc49-b78e-5d03-9582627d678d.htm" />
      </HelpTOCNode>
    </HelpTOCNode>
    <HelpTOCNode Id="17d52ada-32d8-4ac4-aef9-a8f2b5824415" Title="UriEventArgs Class" Url="html/7cf13fe0-f828-be54-8bff-2c28054decf1.htm">
      <HelpTOCNode Title="UriEventArgs Members" Url="html/e4f1b558-27df-4759-d764-d4881f0f1659.htm" />
      <HelpTOCNode Title="UriEventArgs Constructor " Url="html/4b3afc18-6c46-a932-4fed-764ac74b7bed.htm" />
      <HelpTOCNode Title="UriEventArgs Methods" Url="html/755446c3-cd3c-2f55-2339-5cc1e8236e28.htm" />
      <HelpTOCNode Id="db003878-d115-4214-9d21-5eed2bba7bdc" Title="UriEventArgs Properties" Url="html/c89b2288-4094-a600-6f95-e1fabe5bae38.htm">
        <HelpTOCNode Title="Url Property " Url="html/0ac1252c-6d47-f5a8-12d4-546cfc15e862.htm" />
      </HelpTOCNode>
    </HelpTOCNode>
    <HelpTOCNode Id="2e4dd489-1805-4ab3-8ddc-e582e684d823" Title="WebCrawler Class" Url="html/31afaf3b-d025-d060-6c9d-31cf2fe71001.htm">
      <HelpTOCNode Title="WebCrawler Members" Url="html/c506d4b3-9f24-655c-3ab3-015ad282bb98.htm" />
      <HelpTOCNode Title="WebCrawler Constructor " Url="html/090b7b96-ffc0-fe9d-c8b9-118c5ba1f877.htm" />
      <HelpTOCNode Id="0f00c8f6-e89d-43f3-b30d-57cf815597e6" Title="WebCrawler Methods" Url="html/75d03b44-05c5-9623-f861-057570eda47d.htm">
        <HelpTOCNode Title="GetResponse Method " Url="html/332ca932-b231-e055-3fe7-c304d06c46d9.htm" />
      </HelpTOCNode>
      <HelpTOCNode Id="680eaf38-8fb7-4621-9319-be1bb99a3559" Title="WebCrawler Events" Url="html/7e6862ab-a166-77a4-0aaf-1d86cd7357e7.htm">
        <HelpTOCNode Title="UriLogger Event" Url="html/fa48bc13-0fbd-0537-8b97-f84699d8440c.htm" />
      </HelpTOCNode>
    </HelpTOCNode>
  </HelpTOCNode>
  <HelpTOCNode Id="bbe62f04-0f4f-4a4c-98fd-7bd6e2c2a268" Title="RT.ParsingLibs Namespace" Url="html/53d7e61a-252d-f32e-63bf-f0a89a98cdeb.htm">
    <HelpTOCNode Id="7bc29c29-0a68-4a12-b5f9-e074c1f356b5" Title="Constants Class" Url="html/4b259929-d705-86fe-95b0-9e2dfb6a0d41.htm">
      <HelpTOCNode Title="Constants Members" Url="html/4761d913-e4dd-bb77-32cd-a37586aa6ff0.htm" />
      <HelpTOCNode Id="a65f99a4-3e5b-4b70-9a1c-45330c60ead7" Title="Constants Fields" Url="html/6c02b785-3d1c-4858-8c24-25d02177368e.htm">
        <HelpTOCNode Title="CountPublications Field" Url="html/d8197e70-3e53-ee08-20d5-4e17e2d0b776.htm" />
      </HelpTOCNode>
    </HelpTOCNode>
    <HelpTOCNode Id="326becdb-626d-4cfd-ad6c-c6afc9c1e899" Title="IParsingModule Interface" Url="html/7784ff62-d352-93bc-5664-7042a4d94ab7.htm">
      <HelpTOCNode Title="IParsingModule Members" Url="html/9b41488c-8712-00b9-ca6d-38a3b329422b.htm" />
      <HelpTOCNode Id="13838ce3-fc3d-44f5-9452-6373e7d95855" Title="IParsingModule Methods" Url="html/55260ea6-b20b-9b45-d024-2d3d7f1707d8.htm">
        <HelpTOCNode Title="About Method " Url="html/91db80ea-030c-fe05-b1f3-d52ea6a02aa6.htm" />
        <HelpTOCNode Title="Keys Method " Url="html/a1fa7238-659f-d901-17f7-e5010f0cb366.htm" />
        <HelpTOCNode Title="Result Method " Url="html/4d3feb65-21e6-b106-1bc0-9d2ed916b8b8.htm" />
        <HelpTOCNode Title="Sources Method " Url="html/c80b661a-0200-712f-bb18-31967ea9907a.htm" />
      </HelpTOCNode>
    </HelpTOCNode>
    <HelpTOCNode Id="2a782df3-8eae-4b42-8ff8-64683941e0e3" Title="IParsingModuleMetadata Interface" Url="html/2c324f0d-eb18-f004-fb3c-a8ef0b2a216f.htm">
      <HelpTOCNode Title="IParsingModuleMetadata Members" Url="html/cf523a61-9219-16ed-4cc7-36515b2b9f75.htm" />
      <HelpTOCNode Id="32052332-b2da-40df-a30e-6f6ca41a7a1d" Title="IParsingModuleMetadata Properties" Url="html/2ce3e40e-6c9a-1366-b584-fc5508a855a4.htm">
        <HelpTOCNode Title="Name Property " Url="html/37975b24-3349-7309-58b2-9f1d1c13ec1f.htm" />
      </HelpTOCNode>
    </HelpTOCNode>
  </HelpTOCNode>
  <HelpTOCNode Id="e268975d-d4e4-41c1-a762-f342e2953689" Title="RT.ParsingLibs.Models Namespace" Url="html/fe7028b5-122a-a257-632c-f0fe1c0bb3b9.htm">
    <HelpTOCNode Id="6c4efd39-f4b9-47ab-92ce-82c0e9a2acc1" Title="AdditionalInfo Class" Url="html/1b6f3265-4d67-fd7e-50bc-e4239999bb81.htm">
      <HelpTOCNode Title="AdditionalInfo Members" Url="html/43414c31-7e3b-3e97-eb14-9c2c7e7cd964.htm" />
      <HelpTOCNode Title="AdditionalInfo Constructor " Url="html/df0398f1-3129-ef5d-cdff-8c566f504cc3.htm" />
      <HelpTOCNode Id="9e04c5de-17db-4c31-a1a4-bd9ab3ca7dfa" Title="AdditionalInfo Methods" Url="html/ee8e7133-2a41-3191-b11f-d75dd21f271b.htm">
        <HelpTOCNode Title="ToString Method " Url="html/1a5eb452-44f1-4f87-40d8-5aee45b448a0.htm" />
      </HelpTOCNode>
      <HelpTOCNode Id="739387db-80b0-4c66-9f6d-0bae2b535152" Title="AdditionalInfo Properties" Url="html/0383d2f5-025f-5354-4e59-177c2c89e45d.htm">
        <HelpTOCNode Title="RealtyAdditionalInfo Property " Url="html/968c4544-ad04-7748-93cc-0aa86514da49.htm" />
      </HelpTOCNode>
    </HelpTOCNode>
    <HelpTOCNode Id="dee8aa3b-5a2a-4402-8bc1-91c9e13dedee" Title="Bind Class" Url="html/d03c8083-308b-6c35-99e5-51b90063b1dd.htm">
      <HelpTOCNode Title="Bind Members" Url="html/1703633d-7fdd-410b-f565-54d57356aba2.htm" />
      <HelpTOCNode Id="4644627a-765e-4000-acf5-a16fc09d3085" Title="Bind Constructor " Url="html/85de4502-9855-39c0-2faa-6d91659cd6c7.htm">
        <HelpTOCNode Title="Bind Constructor " Url="html/699c9996-122e-2f11-03ce-31ea01daa848.htm" />
        <HelpTOCNode Title="Bind Constructor (Int32, Int32, Int32)" Url="html/81a55041-cdd5-ef7b-21e8-eaac21327610.htm" />
      </HelpTOCNode>
      <HelpTOCNode Id="d15db4d7-cd2b-49f5-a0fb-44c89fe32433" Title="Bind Methods" Url="html/1b8b059b-73aa-51ee-8b18-ac780742e6ad.htm">
        <HelpTOCNode Id="eec0c7d8-8e1f-47cb-81df-899a4f4f644d" Title="Equals Method " Url="html/ec6713c9-453f-1bb7-b1fd-4aa289e63fb1.htm">
          <HelpTOCNode Title="Equals Method (Object)" Url="html/906571f0-02d1-8a1b-65f5-27d622ea2bff.htm" />
          <HelpTOCNode Title="Equals Method (Bind)" Url="html/67b1180c-bd21-d0d8-04cf-cd0af462fbdb.htm" />
        </HelpTOCNode>
        <HelpTOCNode Title="GetHashCode Method " Url="html/ad098076-22ac-afb5-3c72-6744348f39e3.htm" />
        <HelpTOCNode Title="ToString Method " Url="html/fe074165-7fad-dd16-5c47-d87ed2049fb5.htm" />
      </HelpTOCNode>
      <HelpTOCNode Id="e285890c-e2b3-4f30-ad87-9fa2cce1b6f1" Title="Bind Properties" Url="html/a79df2a4-e6e8-4624-c347-52f2c9abf520.htm">
        <HelpTOCNode Title="ActionId Property " Url="html/a4c788e8-c774-6925-0e09-00e12e5041d4.htm" />
        <HelpTOCNode Title="RegionId Property " Url="html/92b35f3d-5bdc-b5d8-8c42-f63d065c59cd.htm" />
        <HelpTOCNode Title="RubricId Property " Url="html/0612524e-1850-8ece-4bd2-a186a17b109f.htm" />
      </HelpTOCNode>
    </HelpTOCNode>
    <HelpTOCNode Title="ParseResponseCode Enumeration" Url="html/275814c9-629e-8e06-29e7-dfd743275862.htm" />
    <HelpTOCNode Id="03e41642-a33b-4419-b339-8bf816d2e769" Title="RealtyAdditionalInfo Class" Url="html/87aadb10-7b00-04fd-f145-b9ed9eb7d317.htm">
      <HelpTOCNode Title="RealtyAdditionalInfo Members" Url="html/b8dd7216-c9b9-e1e7-1ada-239b3ee7ba0a.htm" />
      <HelpTOCNode Title="RealtyAdditionalInfo Constructor " Url="html/2a0f240c-771f-9ea6-2819-a2ed1ee8fa4c.htm" />
      <HelpTOCNode Id="c6c617f0-95ad-493d-bbee-357b05c8bbfe" Title="RealtyAdditionalInfo Methods" Url="html/0aa82ede-7785-6980-9ce5-5f5ac30a87cc.htm">
        <HelpTOCNode Title="ToString Method " Url="html/f69471aa-ed07-1df1-a18d-9fbb93614484.htm" />
      </HelpTOCNode>
      <HelpTOCNode Id="8740cbd8-b2a6-4372-8b31-009629871bcb" Title="RealtyAdditionalInfo Properties" Url="html/98861fe1-96c7-fbfc-5d95-94126a5362d6.htm">
        <HelpTOCNode Title="Address Property " Url="html/1d8b7b64-591d-01e6-5f6a-374feaf3706e.htm" />
        <HelpTOCNode Title="AppointmentOfRoom Property " Url="html/5b2768b1-5631-d74f-c06e-c8c830450043.htm" />
        <HelpTOCNode Title="CostAll Property " Url="html/13afe6ca-015b-eec0-5847-4f6c37408ae2.htm" />
        <HelpTOCNode Title="CostPerMeter Property " Url="html/2fec3640-0912-f97e-5d78-051a64b90119.htm" />
        <HelpTOCNode Title="District Property " Url="html/d97e09b9-81bc-86ca-651b-ca1a2540fbba.htm" />
        <HelpTOCNode Title="Floor Property " Url="html/ea83e204-5a94-60c7-602b-8d96fbe71c2e.htm" />
        <HelpTOCNode Title="FloorNumber Property " Url="html/b4972380-008c-d330-e9af-18fd3ed0afdb.htm" />
        <HelpTOCNode Title="Furnish Property " Url="html/66a83614-8934-2744-194a-134d396415ad.htm" />
        <HelpTOCNode Title="IsLoggia Property " Url="html/97731a4a-2ec3-41ba-d51b-6e1602479ac0.htm" />
        <HelpTOCNode Title="IsParking Property " Url="html/ec5a47bb-2049-89f5-dc40-37721efab277.htm" />
        <HelpTOCNode Title="KitchenSpace Property " Url="html/1bc82112-c763-da6e-3ea2-717e4b6ba2ac.htm" />
        <HelpTOCNode Title="LandSpace Property " Url="html/a2b270f3-9598-b996-18f6-90d7e867f4e9.htm" />
        <HelpTOCNode Title="LeasableSpace Property " Url="html/4b0650f5-7b44-9d37-c23b-2522e9c98e40.htm" />
        <HelpTOCNode Title="LivingSpace Property " Url="html/2894bd45-3562-7f8d-2da7-f523a6b21de7.htm" />
        <HelpTOCNode Title="RealEstateType Property " Url="html/585cadcc-78f0-b8cb-a65f-ca3efaf6dafa.htm" />
        <HelpTOCNode Title="RoomNumber Property " Url="html/7b029668-8167-3eed-2091-f79be3e5c713.htm" />
        <HelpTOCNode Title="Tenancy Property " Url="html/a115223c-5cb6-2dda-a518-8db0d942439f.htm" />
        <HelpTOCNode Title="TotalSpace Property " Url="html/45a1322a-6735-c03c-2f60-f189433b7dab.htm" />
        <HelpTOCNode Title="ViewFromProperty Property " Url="html/17db73f1-5109-c9d3-4a7a-3c4b9c7385c8.htm" />
        <HelpTOCNode Title="WallМaterial Property " Url="html/6c89c8b2-0ae9-aac5-4ecb-8573fcae08a9.htm" />
        <HelpTOCNode Title="Wc Property " Url="html/851417bb-0c56-0e00-a284-492f5dea2a38.htm" />
      </HelpTOCNode>
    </HelpTOCNode>
    <HelpTOCNode Id="eedf2893-91ae-4765-aac9-9aa7dbc3809b" Title="WebPublication Class" Url="html/ed1daa67-c88d-d50a-c777-d0904c8f046a.htm">
      <HelpTOCNode Title="WebPublication Members" Url="html/68394d8d-78c0-c644-bada-0db4367e8263.htm" />
      <HelpTOCNode Title="WebPublication Constructor " Url="html/1e4d6000-44dd-ed0d-89a7-e4ea1ba93689.htm" />
      <HelpTOCNode Id="57a38be7-eb20-4cce-b480-33cae7e580d4" Title="WebPublication Methods" Url="html/c954978a-ecc8-e718-e841-b29fce954c1b.htm">
        <HelpTOCNode Title="ToString Method " Url="html/03c9c60d-5f6f-098a-7826-0996abf14316.htm" />
      </HelpTOCNode>
      <HelpTOCNode Id="7eba6b1e-65d8-4424-8ad7-063b2991c45e" Title="WebPublication Properties" Url="html/58ad1a8d-fd4b-d93b-b16b-a2047bf620a3.htm">
        <HelpTOCNode Title="ActionId Property " Url="html/357644ed-6e33-4eb7-264a-24ca049914ea.htm" />
        <HelpTOCNode Title="AdditionalInfo Property " Url="html/a5436f35-0c21-b646-5191-fba4605fb1b1.htm" />
        <HelpTOCNode Title="Contact Property " Url="html/74447fe7-d8f3-9bf8-9af1-c8703f6e2995.htm" />
        <HelpTOCNode Title="Description Property " Url="html/1c855359-85f3-9af8-a23f-4ba698520c50.htm" />
        <HelpTOCNode Title="ModifyDate Property " Url="html/ef26b548-92df-27e9-9516-d3c8db0ca9ea.htm" />
        <HelpTOCNode Title="Photos Property " Url="html/2cf77948-cb65-625e-358c-03f19faa343f.htm" />
        <HelpTOCNode Title="PublicationId Property " Url="html/6a5aa330-f14e-5c15-ddfe-e28f042e7318.htm" />
        <HelpTOCNode Title="RegionId Property " Url="html/88d61c24-3025-cdf6-52ec-a13dadd2718e.htm" />
        <HelpTOCNode Title="RubricId Property " Url="html/15f192ea-7561-68fe-5786-be18a4975567.htm" />
        <HelpTOCNode Title="Site Property " Url="html/f56dc0f0-af0e-cb71-5d1c-b83c3b690fb8.htm" />
        <HelpTOCNode Title="Url Property " Url="html/cca316c4-f1ca-4165-38b2-0667b32d7f3a.htm" />
      </HelpTOCNode>
    </HelpTOCNode>
    <HelpTOCNode Id="6cfa8012-95cd-4798-9414-46ab97a85b08" Title="WebPublicationContact Class" Url="html/bbfeaebb-27c7-45fe-dffc-0baca529d17d.htm">
      <HelpTOCNode Title="WebPublicationContact Members" Url="html/b3f4934e-2a9c-8188-b622-fcf645610f32.htm" />
      <HelpTOCNode Title="WebPublicationContact Constructor " Url="html/edb542d3-9a02-1c94-7ef0-6cf6c7978438.htm" />
      <HelpTOCNode Id="acba06f3-e042-4915-a93a-2dff1f5d9c7f" Title="WebPublicationContact Methods" Url="html/64443fbf-1332-9756-0b65-3cc2b9b73347.htm">
        <HelpTOCNode Title="ToString Method " Url="html/3875a6e9-f164-8ee2-801f-3a65fc98e973.htm" />
      </HelpTOCNode>
      <HelpTOCNode Id="b8bc2875-4ad7-4175-8fd9-143e2095a457" Title="WebPublicationContact Properties" Url="html/aa430b18-0eb7-faa2-cab3-50710b699567.htm">
        <HelpTOCNode Title="Author Property " Url="html/e28b74f7-a9cc-da6b-60aa-2fcbc8c361a1.htm" />
        <HelpTOCNode Title="AuthorUrl Property " Url="html/6e9c8528-e4cc-cfef-a3c3-5a92a5ae54dd.htm" />
        <HelpTOCNode Title="ContactName Property " Url="html/c62bda3a-31ed-5678-c9d6-845692caf408.htm" />
        <HelpTOCNode Title="Email Property " Url="html/1059d3b3-4255-446d-0c96-0d4f89c64b68.htm" />
        <HelpTOCNode Title="Icq Property " Url="html/62e3f49f-120d-5dae-031a-7576e7975f90.htm" />
        <HelpTOCNode Title="Phone Property " Url="html/fc95f170-14b7-3a0e-799f-82a79ca204ca.htm" />
        <HelpTOCNode Title="Skype Property " Url="html/60003dc3-fdc2-5cfc-243f-fc5992c6c17d.htm" />
      </HelpTOCNode>
    </HelpTOCNode>
  </HelpTOCNode>
  <HelpTOCNode Id="6d12bb12-b3be-409a-8bcd-5d1fa2d67abb" Title="RT.ParsingLibs.Requests Namespace" Url="html/1cff2780-9237-cd37-1b3a-3f1ada3d0c1e.htm">
    <HelpTOCNode Id="48582f09-f429-422f-8e2d-7471bd078835" Title="ParseRequest Class" Url="html/7c2189af-85c2-d026-81b4-3af06965767b.htm">
      <HelpTOCNode Title="ParseRequest Members" Url="html/8c9dc7db-9291-a9b9-c420-cdefe27e7949.htm" />
      <HelpTOCNode Title="ParseRequest Constructor " Url="html/f5577f10-3010-0bea-ef23-78390c0d7c59.htm" />
      <HelpTOCNode Title="ParseRequest Methods" Url="html/e09a3cd3-532e-7e2b-8e22-4be036126388.htm" />
      <HelpTOCNode Id="93f41c3d-d738-49d9-9163-e06cf8ff9a3c" Title="ParseRequest Properties" Url="html/b57bd3ee-2224-3fe6-8f46-7938b42c93c5.htm">
        <HelpTOCNode Title="ActionId Property " Url="html/cdbda317-63c3-8872-0539-de3b75c7f823.htm" />
        <HelpTOCNode Title="LastPublicationId Property " Url="html/0189c9c9-1d45-73f3-b690-a91138fd5f10.htm" />
        <HelpTOCNode Title="RegionId Property " Url="html/97173f72-5940-872d-47f3-ecda87c2eb7e.htm" />
        <HelpTOCNode Title="RubricId Property " Url="html/d95bd78f-c944-33e2-0dd3-8d596a507fe6.htm" />
      </HelpTOCNode>
    </HelpTOCNode>
  </HelpTOCNode>
  <HelpTOCNode Id="ab19b5e7-16df-4989-b5bc-856e2074ec7a" Title="RT.ParsingLibs.Responses Namespace" Url="html/a27caf2a-7350-d257-c2a3-da74b7fd6d10.htm">
    <HelpTOCNode Id="4f1f9970-89ad-4eaa-a9ed-75a8950a1ad5" Title="AboutResponse Class" Url="html/ccc5808b-e9f9-2bc2-f80d-cfb47e2d1b6e.htm">
      <HelpTOCNode Title="AboutResponse Members" Url="html/16cfe059-1502-7d3d-d2f3-89ed8dcd0fcf.htm" />
      <HelpTOCNode Title="AboutResponse Constructor " Url="html/e4611b32-9fb8-817a-794f-d16a3cf8f765.htm" />
      <HelpTOCNode Id="8b134bbe-8e46-4cf6-a758-b0bc13bf54ef" Title="AboutResponse Methods" Url="html/e9c61612-83b8-ff3c-dc1e-76c12254e04d.htm">
        <HelpTOCNode Title="ToString Method " Url="html/03e493fe-2611-8102-34fa-c890152d8bf0.htm" />
      </HelpTOCNode>
      <HelpTOCNode Id="606ad204-0e72-443e-9b33-bb692bbe6b1f" Title="AboutResponse Properties" Url="html/5abe6941-1927-f742-653e-8bca12f9f0d1.htm">
        <HelpTOCNode Title="Contacts Property " Url="html/59873f09-f57d-22ab-ecbb-58b730ac63ba.htm" />
        <HelpTOCNode Title="CopyRight Property " Url="html/8d76be5c-9d57-f714-9fef-dedb574a6255.htm" />
        <HelpTOCNode Title="Info Property " Url="html/0bff415e-8f3e-3599-b327-986a0ef72e99.htm" />
      </HelpTOCNode>
    </HelpTOCNode>
    <HelpTOCNode Id="80188de4-a0fc-4ea9-8ed3-725e41e8e8fc" Title="ParseResponse Class" Url="html/d4cc8b60-535a-f8df-4dd2-3a815afe4df1.htm">
      <HelpTOCNode Title="ParseResponse Members" Url="html/d608d880-a2f3-f232-4c56-83c40ab87fb4.htm" />
      <HelpTOCNode Title="ParseResponse Constructor " Url="html/f80ffb34-2fd6-4bd4-4ece-1334f1947aa6.htm" />
      <HelpTOCNode Id="28aacd99-0b7a-4668-afc5-e99badf41212" Title="ParseResponse Methods" Url="html/fa6d8b82-56d6-1d14-cf72-f07455671987.htm">
        <HelpTOCNode Title="ToString Method " Url="html/d948a8b3-9192-11da-b01f-8571f42af3b3.htm" />
      </HelpTOCNode>
      <HelpTOCNode Id="bc5edc66-50cd-4658-a666-04ed79241e54" Title="ParseResponse Properties" Url="html/362d1427-4123-7e1f-780d-2168b264aeb0.htm">
        <HelpTOCNode Title="LastPublicationId Property " Url="html/b259faa2-ff94-718f-f243-ac0d034d69ce.htm" />
        <HelpTOCNode Title="ModuleName Property " Url="html/c1643326-c896-fd6a-f3a9-ac6cdba416e0.htm" />
        <HelpTOCNode Title="Publications Property " Url="html/843d8c34-5ed8-4f92-9a60-0dd1aedf8cfa.htm" />
        <HelpTOCNode Title="ResponseCode Property " Url="html/e50d9e60-9886-bc35-235c-c3fd03ba5769.htm" />
      </HelpTOCNode>
    </HelpTOCNode>
  </HelpTOCNode>
</HelpTOC>
